{"cameraMode":{"drawMode":0,"name":"Shaded","section":"Shading Mode"},"sceneLighting":false,"audioPlay":false,"sceneViewState":{"showFog":true,"showMaterialUpdate":false,"showSkybox":true,"showFlares":true,"showImageEffects":true,"showParticleSystems":true},"in2DMode":false,"pivot":{"x":-8.08454704284668,"y":-76.1152572631836,"z":132.26817321777345},"rotation":{"x":0.2611216604709625,"y":-0.03150168061256409,"z":0.008645908907055855,"w":0.9648369550704956},"size":108.06475067138672,"orthographic":false}